dist,lon,lat,depth_m
0,-46.62752454,25.30325877,-3759
0.016938712,-46.61084357,25.30031507,-3789
0.033877424,-46.59416261,25.29737137,-3750
0.050816136,-46.57748164,25.29442767,-3691
0.067754848,-46.56080068,25.29148397,-3599
0.084693559,-46.54411971,25.28854027,-3580
0.101632271,-46.52743875,25.28559657,-3515
0.118570983,-46.51075778,25.28265287,-3446
0.135509695,-46.49407682,25.27970917,-3434
0.152448407,-46.47739585,25.27676547,-3431
0.169387119,-46.46071489,25.27382177,-3439
0.186325831,-46.44403392,25.27087807,-3460
0.203264543,-46.42735296,25.26793437,-3504
0.220203255,-46.41067199,25.26499067,-3561
0.237141967,-46.39399103,25.26204697,-3614
0.254080678,-46.37731006,25.25910327,-3657
0.27101939,-46.3606291,25.25615957,-3755
0.287958102,-46.34394813,25.25321587,-3768
0.304896814,-46.32726717,25.25027217,-3765
0.321835526,-46.3105862,25.24732847,-3715
0.338774238,-46.29390524,25.24438477,-3565
0.35571295,-46.27722427,25.24144107,-3433
0.372651662,-46.26054331,25.23849737,-3297
0.389590374,-46.24386234,25.23555367,-3209
0.406529085,-46.22718138,25.23260998,-3172
0.423467797,-46.21050041,25.22966628,-3175
0.440406509,-46.19381945,25.22672258,-3206
0.457345221,-46.17713848,25.22377888,-3255
0.474283933,-46.16045752,25.22083518,-3325
0.491222645,-46.14377655,25.21789148,-3378
0.508161357,-46.12709559,25.21494778,-3396
0.525100069,-46.11041462,25.21200408,-3375
0.542038781,-46.09373366,25.20906038,-3307
0.558977493,-46.07705269,25.20611668,-3113
0.575916204,-46.06037173,25.20317298,-2990
0.592854916,-46.04369076,25.20022928,-2878
0.609793628,-46.0270098,25.19728558,-2796
0.62673234,-46.01032883,25.19434188,-2751
0.643671052,-45.99364787,25.19139818,-2685
0.660609764,-45.9769669,25.18845448,-2697
0.677548476,-45.96028594,25.18551078,-2708
0.694487188,-45.94360497,25.18256708,-2709
0.7114259,-45.92692401,25.17962338,-2685
0.728364611,-45.91024304,25.17667968,-2646
0.745303323,-45.89356208,25.17373598,-2452
0.762242035,-45.87688111,25.17079228,-2347
0.779180747,-45.86020015,25.16784858,-2192
0.796119459,-45.84351918,25.16490488,-2045
0.813058171,-45.82683822,25.16196118,-1977
0.829996883,-45.81015725,25.15901748,-2001
0.846935595,-45.79347629,25.15607378,-2076
0.863874307,-45.77679532,25.15313008,-2098
0.880813018,-45.76011436,25.15018638,-1945
0.89775173,-45.74343339,25.14724268,-1770
0.914690442,-45.72675243,25.14429898,-1682
0.931629154,-45.71007146,25.14135528,-1595
0.948567866,-45.6933905,25.13841158,-1631
0.965506578,-45.67670953,25.13546788,-1786
0.98244529,-45.66002857,25.13252419,-2095
0.999384002,-45.6433476,25.12958049,-2390
1.016322714,-45.62666664,25.12663679,-2516
1.033261426,-45.60998567,25.12369309,-2529
1.050200137,-45.59330471,25.12074939,-2533
1.067138849,-45.57662374,25.11780569,-2580
1.084077561,-45.55994278,25.11486199,-2683
1.101016273,-45.54326181,25.11191829,-2816
1.117954985,-45.52658085,25.10897459,-2949
1.134893697,-45.50989988,25.10603089,-3126
1.151832409,-45.49321892,25.10308719,-3272
1.168771121,-45.47653795,25.10014349,-3363
1.185709833,-45.45985699,25.09719979,-3371
1.202648544,-45.44317602,25.09425609,-3334
1.219587256,-45.42649506,25.09131239,-3336
1.236525968,-45.40981409,25.08836869,-3271
1.25346468,-45.39313313,25.08542499,-3128
1.270403392,-45.37645217,25.08248129,-2989
1.287342104,-45.3597712,25.07953759,-2935
1.304280816,-45.34309024,25.07659389,-2911
1.321219528,-45.32640927,25.07365019,-2980
1.33815824,-45.30972831,25.07070649,-3006
1.355096952,-45.29304734,25.06776279,-2970
1.372035663,-45.27636638,25.06481909,-2889
1.388974375,-45.25968541,25.06187539,-2798
1.405913087,-45.24300445,25.05893169,-2741
1.422851799,-45.22632348,25.05598799,-2856
1.439790511,-45.20964252,25.05304429,-2864
1.456729223,-45.19296155,25.05010059,-2842
1.473667935,-45.17628059,25.04715689,-2822
1.490606647,-45.15959962,25.04421319,-2862
1.507545359,-45.14291866,25.04126949,-2992
1.52448407,-45.12623769,25.03832579,-3017
1.541422782,-45.10955673,25.0353821,-3024
1.558361494,-45.09287576,25.0324384,-3020
1.575300206,-45.0761948,25.0294947,-3011
1.592238918,-45.05951383,25.026551,-3009
1.60917763,-45.04283287,25.0236073,-3129
1.626116342,-45.0261519,25.0206636,-3174
1.643055054,-45.00947094,25.0177199,-3233
1.659993766,-44.99278997,25.0147762,-3232
1.676932478,-44.97610901,25.0118325,-3206
1.693871189,-44.95942804,25.0088888,-3201
1.710809901,-44.94274708,25.0059451,-3294
1.727748613,-44.92606611,25.0030014,-3391
1.744687325,-44.90938515,25.0000577,-3410
1.761626037,-44.89270418,24.997114,-3244
1.778564749,-44.87602322,24.9941703,-3021
1.795503461,-44.85934225,24.9912266,-2893
1.812442173,-44.84266129,24.9882829,-2818
1.829380885,-44.82598032,24.9853392,-2667
1.846319596,-44.80929936,24.9823955,-2555
1.863258308,-44.79261839,24.9794518,-2545
1.88019702,-44.77593743,24.9765081,-2609
1.897135732,-44.75925646,24.9735644,-2792
1.914074444,-44.7425755,24.9706207,-2924
1.931013156,-44.72589453,24.967677,-2968
1.947951868,-44.70921357,24.9647333,-2986
1.96489058,-44.6925326,24.9617896,-3060
1.981829292,-44.67585164,24.9588459,-3152
1.998768003,-44.65917067,24.9559022,-3273
2.015706715,-44.64248971,24.9529585,-3322
2.032645427,-44.62580874,24.9500148,-3321
2.049584139,-44.60912778,24.9470711,-3279
2.066522851,-44.59244681,24.9441274,-3226
2.083461563,-44.57576585,24.9411837,-3212
2.100400275,-44.55908488,24.93824,-3179
2.117338987,-44.54240392,24.93529631,-3182
2.134277699,-44.52572295,24.93235261,-3214
2.151216411,-44.50904199,24.92940891,-3261
2.168155122,-44.49236102,24.92646521,-3303
2.185093834,-44.47568006,24.92352151,-3288
2.202032546,-44.45899909,24.92057781,-3300
2.218971258,-44.44231813,24.91763411,-3332
2.23590997,-44.42563716,24.91469041,-3410
2.252848682,-44.4089562,24.91174671,-3493
2.269787394,-44.39227523,24.90880301,-3546
2.286726106,-44.37559427,24.90585931,-3725
2.303664818,-44.3589133,24.90291561,-3701
2.320603529,-44.34223234,24.89997191,-3671
2.337542241,-44.32555137,24.89702821,-3683
2.354480953,-44.30887041,24.89408451,-3651
2.371419665,-44.29218944,24.89114081,-3523
2.388358377,-44.27550848,24.88819711,-3296
2.405297089,-44.25882751,24.88525341,-3199
2.422235801,-44.24214655,24.88230971,-3152
2.439174513,-44.22546558,24.87936601,-3108
2.456113225,-44.20878462,24.87642231,-3088
2.473051937,-44.19210365,24.87347861,-3161
2.489990648,-44.17542269,24.87053491,-3187
2.50692936,-44.15874172,24.86759121,-3238
2.523868072,-44.14206076,24.86464751,-3318
2.540806784,-44.12537979,24.86170381,-3422
2.557745496,-44.10869883,24.85876011,-3539
2.574684208,-44.09201786,24.85581641,-3669
2.59162292,-44.0753369,24.85287271,-3762
2.608561632,-44.05865593,24.84992901,-3801
2.625500344,-44.04197497,24.84698531,-3836
2.642439055,-44.025294,24.84404161,-3867
2.659377767,-44.00861304,24.84109791,-3869
2.676316479,-43.99193207,24.83815421,-3897
2.693255191,-43.97525111,24.83521052,-3915
2.710193903,-43.95857014,24.83226682,-3919
2.727132615,-43.94188918,24.82932312,-3911
2.744071327,-43.92520821,24.82637942,-3889
2.761010039,-43.90852725,24.82343572,-3880
2.777948751,-43.89184628,24.82049202,-3830
2.794887463,-43.87516532,24.81754832,-3763
2.811826174,-43.85848435,24.81460462,-3713
2.828764886,-43.84180339,24.81166092,-3653
2.845703598,-43.82512242,24.80871722,-3612
2.86264231,-43.80844146,24.80577352,-3543
2.879581022,-43.79176049,24.80282982,-3522
2.896519734,-43.77507953,24.79988612,-3494
2.913458446,-43.75839856,24.79694242,-3443
2.930397158,-43.7417176,24.79399872,-3388
2.94733587,-43.72503663,24.79105502,-3380
2.964274581,-43.70835567,24.78811132,-3357
2.981213293,-43.6916747,24.78516762,-3343
2.998152005,-43.67499374,24.78222392,-3345
3.015090717,-43.65831277,24.77928022,-3356
3.032029429,-43.64163181,24.77633652,-3367
3.048968141,-43.62495084,24.77339282,-3409
3.065906853,-43.60826988,24.77044912,-3405
3.082845565,-43.59158891,24.76750542,-3385
3.099784277,-43.57490795,24.76456172,-3348
3.116722989,-43.55822698,24.76161802,-3301
3.1336617,-43.54154602,24.75867432,-3250
3.150600412,-43.52486505,24.75573062,-3273
3.167539124,-43.50818409,24.75278692,-3254
3.184477836,-43.49150312,24.74984322,-3261
3.201416548,-43.47482216,24.74689952,-3298
3.21835526,-43.45814119,24.74395582,-3363
3.235293972,-43.44146023,24.74101212,-3378
3.252232684,-43.42477926,24.73806843,-3429
3.269171396,-43.4080983,24.73512473,-3484
3.286110107,-43.39141733,24.73218103,-3543
3.303048819,-43.37473637,24.72923733,-3601
3.319987531,-43.3580554,24.72629363,-3664
3.336926243,-43.34137444,24.72334993,-3578
3.353864955,-43.32469347,24.72040623,-3656
3.370803667,-43.30801251,24.71746253,-3735
3.387742379,-43.29133154,24.71451883,-3794
3.404681091,-43.27465058,24.71157513,-3757
3.421619803,-43.25796961,24.70863143,-3711
3.438558514,-43.24128865,24.70568773,-3735
3.455497226,-43.22460768,24.70274403,-3791
3.472435938,-43.20792672,24.69980033,-3820
3.48937465,-43.19124575,24.69685663,-3847
3.506313362,-43.17456479,24.69391293,-3900
3.523252074,-43.15788382,24.69096923,-3868
3.540190786,-43.14120286,24.68802553,-3931
3.557129498,-43.12452189,24.68508183,-3965
3.57406821,-43.10784093,24.68213813,-3990
3.591006922,-43.09115996,24.67919443,-3990
3.607945633,-43.074479,24.67625073,-3976
3.624884345,-43.05779803,24.67330703,-3844
3.641823057,-43.04111707,24.67036333,-3794
3.658761769,-43.0244361,24.66741963,-3729
3.675700481,-43.00775514,24.66447593,-3667
3.692639193,-42.99107417,24.66153223,-3621
3.709577905,-42.97439321,24.65858853,-3611
3.726516617,-42.95771224,24.65564483,-3608
3.743455329,-42.94103128,24.65270113,-3700
3.76039404,-42.92435031,24.64975743,-3834
3.777332752,-42.90766935,24.64681373,-4003
3.794271464,-42.89098838,24.64387003,-4182
3.811210176,-42.87430742,24.64092633,-4316
3.828148888,-42.85762645,24.63798264,-4436
3.8450876,-42.84094549,24.63503894,-4497
3.862026312,-42.82426452,24.63209524,-4498
3.878965024,-42.80758356,24.62915154,-4440
3.895903736,-42.79090259,24.62620784,-4344
3.912842448,-42.77422163,24.62326414,-4168
3.929781159,-42.75754066,24.62032044,-4084
3.946719871,-42.7408597,24.61737674,-4041
3.963658583,-42.72417873,24.61443304,-4039
3.980597295,-42.70749777,24.61148934,-4088
3.997536007,-42.6908168,24.60854564,-4170
4.014474719,-42.67413584,24.60560194,-4283
4.031413431,-42.65745487,24.60265824,-4397
4.048352143,-42.64077391,24.59971454,-4484
4.065290855,-42.62409294,24.59677084,-4537
4.082229566,-42.60741198,24.59382714,-4549
4.099168278,-42.59073101,24.59088344,-4629
4.11610699,-42.57405005,24.58793974,-4599
4.133045702,-42.55736908,24.58499604,-4551
4.149984414,-42.54068812,24.58205234,-4495
4.166923126,-42.52400715,24.57910864,-4432
4.183861838,-42.50732619,24.57616494,-4368
4.20080055,-42.49064522,24.57322124,-4444
4.217739262,-42.47396426,24.57027754,-4376
4.234677974,-42.45728329,24.56733384,-4303
4.251616685,-42.44060233,24.56439014,-4225
4.268555397,-42.42392136,24.56144644,-4150
4.285494109,-42.4072404,24.55850274,-4082
4.302432821,-42.39055943,24.55555904,-4144
4.319371533,-42.37387847,24.55261534,-4094
4.336310245,-42.3571975,24.54967164,-4076
4.353248957,-42.34051654,24.54672794,-4082
4.370187669,-42.32383557,24.54378424,-4106
4.387126381,-42.30715461,24.54084055,-4063
4.404065092,-42.29047364,24.53789685,-4028
4.421003804,-42.27379268,24.53495315,-3974
4.437942516,-42.25711171,24.53200945,-3910
4.454881228,-42.24043075,24.52906575,-3838
4.47181994,-42.22374978,24.52612205,-3781
4.488758652,-42.20706882,24.52317835,-3764
4.505697364,-42.19038785,24.52023465,-3686
4.522636076,-42.17370689,24.51729095,-3683
4.539574788,-42.15702592,24.51434725,-3686
4.556513499,-42.14034496,24.51140355,-3718
4.573452211,-42.12366399,24.50845985,-3761
4.590390923,-42.10698303,24.50551615,-3985
4.607329635,-42.09030206,24.50257245,-4039
4.624268347,-42.0736211,24.49962875,-4099
4.641207059,-42.05694013,24.49668505,-4153
4.658145771,-42.04025917,24.49374135,-4191
4.675084483,-42.0235782,24.49079765,-4396
4.692023195,-42.00689724,24.48785395,-4435
4.708961907,-41.99021627,24.48491025,-4456
4.725900618,-41.97353531,24.48196655,-4477
4.74283933,-41.95685434,24.47902285,-4479
4.759778042,-41.94017338,24.47607915,-4499
4.776716754,-41.92349241,24.47313545,-4664
4.793655466,-41.90681145,24.47019175,-4669
4.810594178,-41.89013048,24.46724805,-4673
4.82753289,-41.87344952,24.46430435,-4675
4.844471602,-41.85676855,24.46136065,-4699
4.861410314,-41.84008759,24.45841695,-4760
4.878349025,-41.82340662,24.45547325,-4756
4.895287737,-41.80672566,24.45252955,-4670
4.912226449,-41.79004469,24.44958585,-4565
4.929165161,-41.77336373,24.44664215,-4545
4.946103873,-41.75668276,24.44369845,-4586
4.963042585,-41.7400018,24.44075476,-4814
4.979981297,-41.72332083,24.43781106,-4958
4.996920009,-41.70663987,24.43486736,-4998
5.013858721,-41.6899589,24.43192366,-4974
5.030797433,-41.67327794,24.42897996,-4912
5.047736144,-41.65659697,24.42603626,-4817
5.064674856,-41.63991601,24.42309256,-4370
5.081613568,-41.62323504,24.42014886,-4143
5.09855228,-41.60655408,24.41720516,-4183
5.115490992,-41.58987311,24.41426146,-4266
5.132429704,-41.57319215,24.41131776,-4431
5.149368416,-41.55651118,24.40837406,-4599
5.166307128,-41.53983022,24.40543036,-4557
5.18324584,-41.52314925,24.40248666,-4485
5.200184551,-41.50646829,24.39954296,-4460
5.217123263,-41.48978732,24.39659926,-4491
5.234061975,-41.47310636,24.39365556,-4587
5.251000687,-41.45642539,24.39071186,-4682
5.267939399,-41.43974443,24.38776816,-4641
5.284878111,-41.42306346,24.38482446,-4584
5.301816823,-41.4063825,24.38188076,-4676
5.318755535,-41.38970153,24.37893706,-4814
5.335694247,-41.37302057,24.37599336,-4966
5.352632959,-41.3563396,24.37304966,-4858
5.36957167,-41.33965864,24.37010596,-4736
5.386510382,-41.32297767,24.36716226,-4681
5.403449094,-41.30629671,24.36421856,-4817
5.420387806,-41.28961574,24.36127486,-4972
5.437326518,-41.27293478,24.35833116,-5068
5.45426523,-41.25625381,24.35538746,-4878
5.471203942,-41.23957285,24.35244376,-4706
5.488142654,-41.22289188,24.34950006,-4551
5.505081366,-41.20621092,24.34655636,-4443
5.522020077,-41.18952995,24.34361266,-4340
5.538958789,-41.17284899,24.34066897,-4175
5.555897501,-41.15616802,24.33772527,-4055
5.572836213,-41.13948706,24.33478157,-3989
5.589774925,-41.12280609,24.33183787,-4018
5.606713637,-41.10612513,24.32889417,-4144
5.623652349,-41.08944416,24.32595047,-4293
5.640591061,-41.0727632,24.32300677,-4301
5.657529773,-41.05608223,24.32006307,-4346
5.674468485,-41.03940127,24.31711937,-4430
5.691407196,-41.02272031,24.31417567,-4487
5.708345908,-41.00603934,24.31123197,-4534
5.72528462,-40.98935838,24.30828827,-4489
5.742223332,-40.97267741,24.30534457,-4503
5.759162044,-40.95599645,24.30240087,-4509
5.776100756,-40.93931548,24.29945717,-4504
5.793039468,-40.92263452,24.29651347,-4497
5.80997818,-40.90595355,24.29356977,-4504
5.826916892,-40.88927259,24.29062607,-4510
5.843855603,-40.87259162,24.28768237,-4561
5.860794315,-40.85591066,24.28473867,-4628
5.877733027,-40.83922969,24.28179497,-4708
5.894671739,-40.82254873,24.27885127,-4798
5.911610451,-40.80586776,24.27590757,-4907
5.928549163,-40.7891868,24.27296387,-5073
5.945487875,-40.77250583,24.27002017,-5159
5.962426587,-40.75582487,24.26707647,-5205
5.979365299,-40.7391439,24.26413277,-5204
5.99630401,-40.72246294,24.26118907,-5168
6.013242722,-40.70578197,24.25824537,-5071
6.030181434,-40.68910101,24.25530167,-4991
6.047120146,-40.67242004,24.25235797,-4890
6.064058858,-40.65573908,24.24941427,-4789
6.08099757,-40.63905811,24.24647057,-4784
6.097936282,-40.62237715,24.24352688,-4756
6.114874994,-40.60569618,24.24058318,-4607
6.131813706,-40.58901522,24.23763948,-4472
6.148752418,-40.57233425,24.23469578,-4414
6.165691129,-40.55565329,24.23175208,-4411
6.182629841,-40.53897232,24.22880838,-4426
6.199568553,-40.52229136,24.22586468,-4451
6.216507265,-40.50561039,24.22292098,-4487
6.233445977,-40.48892943,24.21997728,-4565
6.250384689,-40.47224846,24.21703358,-4643
6.267323401,-40.4555675,24.21408988,-4701
6.284262113,-40.43888653,24.21114618,-4729
6.301200825,-40.42220557,24.20820248,-4839
6.318139536,-40.4055246,24.20525878,-4853
6.335078248,-40.38884364,24.20231508,-4859
6.35201696,-40.37216267,24.19937138,-4859
6.368955672,-40.35548171,24.19642768,-4858
6.385894384,-40.33880074,24.19348398,-4848
6.402833096,-40.32211978,24.19054028,-4778
6.419771808,-40.30543881,24.18759658,-4736
6.43671052,-40.28875785,24.18465288,-4694
6.453649232,-40.27207688,24.18170918,-4663
6.470587944,-40.25539592,24.17876548,-4638
6.487526655,-40.23871495,24.17582178,-4633
6.504465367,-40.22203399,24.17287808,-4602
6.521404079,-40.20535302,24.16993438,-4613
6.538342791,-40.18867206,24.16699068,-4627
6.555281503,-40.17199109,24.16404698,-4642
6.572220215,-40.15531013,24.16110328,-4655
6.589158927,-40.13862916,24.15815958,-4581
6.606097639,-40.1219482,24.15521588,-4572
6.623036351,-40.10526723,24.15227218,-4566
6.639975062,-40.08858627,24.14932848,-4568
6.656913774,-40.0719053,24.14638478,-4578
6.673852486,-40.05522434,24.14344109,-4636
6.690791198,-40.03854337,24.14049739,-4736
6.70772991,-40.02186241,24.13755369,-4884
6.724668622,-40.00518144,24.13460999,-5016
6.741607334,-39.98850048,24.13166629,-5108
6.758546046,-39.97181951,24.12872259,-5124
6.775484758,-39.95513855,24.12577889,-5044
6.79242347,-39.93845758,24.12283519,-4762
6.809362181,-39.92177662,24.11989149,-4659
6.826300893,-39.90509565,24.11694779,-4674
6.843239605,-39.88841469,24.11400409,-4750
6.860178317,-39.87173372,24.11106039,-4804
6.877117029,-39.85505276,24.10811669,-4782
6.894055741,-39.83837179,24.10517299,-4931
6.910994453,-39.82169083,24.10222929,-5091
6.927933165,-39.80500986,24.09928559,-5214
6.944871877,-39.7883289,24.09634189,-5299
6.961810588,-39.77164793,24.09339819,-5329
6.9787493,-39.75496697,24.09045449,-5075
6.995688012,-39.738286,24.08751079,-4883
7.012626724,-39.72160504,24.08456709,-4664
7.029565436,-39.70492407,24.08162339,-4563
7.046504148,-39.68824311,24.07867969,-4589
7.06344286,-39.67156214,24.07573599,-4914
7.080381572,-39.65488118,24.07279229,-5094
7.097320284,-39.63820021,24.06984859,-5268
7.114258995,-39.62151925,24.06690489,-5346
7.131197707,-39.60483828,24.06396119,-5332
7.148136419,-39.58815732,24.06101749,-5265
7.165075131,-39.57147635,24.05807379,-5170
7.182013843,-39.55479539,24.05513009,-5138
7.198952555,-39.53811442,24.05218639,-5156
7.215891267,-39.52143346,24.04924269,-5211
7.232829979,-39.50475249,24.046299,-5283
7.249768691,-39.48807153,24.0433553,-5304
7.266707403,-39.47139056,24.0404116,-5280
7.283646114,-39.4547096,24.0374679,-5292
7.300584826,-39.43802863,24.0345242,-5374
7.317523538,-39.42134767,24.0315805,-5432
7.33446225,-39.4046667,24.0286368,-5378
7.351400962,-39.38798574,24.0256931,-5282
7.368339674,-39.37130477,24.0227494,-5303
7.385278386,-39.35462381,24.0198057,-5281
7.402217098,-39.33794284,24.016862,-5224
7.41915581,-39.32126188,24.0139183,-5170
7.436094521,-39.30458091,24.0109746,-5147
7.453033233,-39.28789995,24.0080309,-5150
7.469971945,-39.27121898,24.0050872,-5085
7.486910657,-39.25453802,24.0021435,-4990
7.503849369,-39.23785705,23.9991998,-4881
7.520788081,-39.22117609,23.9962561,-4816
7.537726793,-39.20449512,23.9933124,-4859
7.554665505,-39.18781416,23.9903687,-5039
7.571604217,-39.17113319,23.987425,-5152
7.588542929,-39.15445223,23.9844813,-5235
7.60548164,-39.13777126,23.9815376,-5218
7.622420352,-39.1210903,23.9785939,-5189
7.639359064,-39.10440933,23.9756502,-5305
7.656297776,-39.08772837,23.9727065,-5397
7.673236488,-39.0710474,23.9697628,-5431
7.6901752,-39.05436644,23.9668191,-5399
7.707113912,-39.03768547,23.9638754,-5312
7.724052624,-39.02100451,23.9609317,-5182
7.740991336,-39.00432354,23.957988,-5017
7.757930047,-38.98764258,23.9550443,-4862
7.774868759,-38.97096161,23.9521006,-4764
7.791807471,-38.95428065,23.9491569,-4700
7.808746183,-38.93759968,23.94621321,-4667
7.825684895,-38.92091872,23.94326951,-4653
7.842623607,-38.90423775,23.94032581,-4810
7.859562319,-38.88755679,23.93738211,-4844
7.876501031,-38.87087582,23.93443841,-4906
7.893439743,-38.85419486,23.93149471,-4855
7.910378455,-38.83751389,23.92855101,-4551
7.927317166,-38.82083293,23.92560731,-4268
7.944255878,-38.80415196,23.92266361,-4556
7.96119459,-38.787471,23.91971991,-4748
7.978133302,-38.77079003,23.91677621,-4781
7.995072014,-38.75410907,23.91383251,-4743
8.012010726,-38.7374281,23.91088881,-4830
8.028949438,-38.72074714,23.90794511,-5051
8.04588815,-38.70406617,23.90500141,-5163
8.062826862,-38.68738521,23.90205771,-5308
8.079765573,-38.67070424,23.89911401,-5448
8.096704285,-38.65402328,23.89617031,-5561
8.113642997,-38.63734231,23.89322661,-5594
8.130581709,-38.62066135,23.89028291,-5608
8.147520421,-38.60398038,23.88733921,-5613
8.164459133,-38.58729942,23.88439551,-5604
8.181397845,-38.57061845,23.88145181,-5246
8.198336557,-38.55393749,23.87850811,-4891
8.215275269,-38.53725652,23.87556441,-4680
8.232213981,-38.52057556,23.87262071,-4505
8.249152692,-38.50389459,23.86967701,-4600
8.266091404,-38.48721363,23.86673331,-4806
8.283030116,-38.47053266,23.86378961,-5063
8.299968828,-38.4538517,23.86084591,-5298
8.31690754,-38.43717073,23.85790221,-5423
8.333846252,-38.42048977,23.85495851,-5516
8.350784964,-38.4038088,23.85201481,-5569
8.367723676,-38.38712784,23.84907111,-5523
8.384662388,-38.37044687,23.84612742,-5265
8.401601099,-38.35376591,23.84318372,-4982
8.418539811,-38.33708494,23.84024002,-4868
8.435478523,-38.32040398,23.83729632,-4844
8.452417235,-38.30372301,23.83435262,-4819
8.469355947,-38.28704205,23.83140892,-4816
8.486294659,-38.27036108,23.82846522,-4875
8.503233371,-38.25368012,23.82552152,-4965
8.520172083,-38.23699915,23.82257782,-5145
8.537110795,-38.22031819,23.81963412,-5205
8.554049506,-38.20363722,23.81669042,-4994
8.570988218,-38.18695626,23.81374672,-4805
8.58792693,-38.17027529,23.81080302,-4790
8.604865642,-38.15359433,23.80785932,-4952
8.621804354,-38.13691336,23.80491562,-5209
8.638743066,-38.1202324,23.80197192,-5433
8.655681778,-38.10355143,23.79902822,-5485
8.67262049,-38.08687047,23.79608452,-5451
8.689559202,-38.0701895,23.79314082,-5406
8.706497914,-38.05350854,23.79019712,-5360
8.723436625,-38.03682757,23.78725342,-5460
8.740375337,-38.02014661,23.78430972,-5537
8.757314049,-38.00346564,23.78136602,-5522
8.774252761,-37.98678468,23.77842232,-5466
8.791191473,-37.97010371,23.77547862,-5403
8.808130185,-37.95342275,23.77253492,-5427
8.825068897,-37.93674178,23.76959122,-5409
8.842007609,-37.92006082,23.76664752,-5456
8.858946321,-37.90337985,23.76370382,-5582
8.875885032,-37.88669889,23.76076012,-5737
8.892823744,-37.87001792,23.75781642,-6006
8.909762456,-37.85333696,23.75487272,-6104
8.926701168,-37.83665599,23.75192902,-6186
8.94363988,-37.81997503,23.74898533,-6251
8.960578592,-37.80329406,23.74604163,-6291
8.977517304,-37.7866131,23.74309793,-6293
8.994456016,-37.76993213,23.74015423,-6245
9.011394728,-37.75325117,23.73721053,-6164
9.02833344,-37.7365702,23.73426683,-6142
9.045272151,-37.71988924,23.73132313,-6171
9.062210863,-37.70320827,23.72837943,-6219
9.079149575,-37.68652731,23.72543573,-6202
9.096088287,-37.66984634,23.72249203,-5965
9.113026999,-37.65316538,23.71954833,-5747
9.129965711,-37.63648441,23.71660463,-5767
9.146904423,-37.61980345,23.71366093,-5878
9.163843135,-37.60312248,23.71071723,-5965
9.180781847,-37.58644152,23.70777353,-6020
9.197720558,-37.56976055,23.70482983,-6073
9.21465927,-37.55307959,23.70188613,-6074
9.231597982,-37.53639862,23.69894243,-6008
9.248536694,-37.51971766,23.69599873,-5959
9.265475406,-37.50303669,23.69305503,-5993
9.282414118,-37.48635573,23.69011133,-5921
9.29935283,-37.46967476,23.68716763,-5936
9.316291542,-37.4529938,23.68422393,-5903
9.333230254,-37.43631283,23.68128023,-5801
9.350168966,-37.41963187,23.67833653,-5669
9.367107677,-37.4029509,23.67539283,-5529
9.384046389,-37.38626994,23.67244913,-5268
9.400985101,-37.36958897,23.66950543,-5172
9.417923813,-37.35290801,23.66656173,-5094
9.434862525,-37.33622704,23.66361803,-5031
9.451801237,-37.31954608,23.66067433,-4991
9.468739949,-37.30286511,23.65773063,-4958
9.485678661,-37.28618415,23.65478693,-5018
9.502617373,-37.26950318,23.65184323,-5136
9.519556084,-37.25282222,23.64889954,-5249
9.536494796,-37.23614125,23.64595584,-5290
9.553433508,-37.21946029,23.64301214,-5290
9.57037222,-37.20277932,23.64006844,-5255
9.587310932,-37.18609836,23.63712474,-5197
9.604249644,-37.16941739,23.63418104,-5159
9.621188356,-37.15273643,23.63123734,-5160
9.638127068,-37.13605546,23.62829364,-5220
9.65506578,-37.1193745,23.62534994,-5317
9.672004491,-37.10269353,23.62240624,-5439
9.688943203,-37.08601257,23.61946254,-5564
9.705881915,-37.0693316,23.61651884,-5709
9.722820627,-37.05265064,23.61357514,-5819
9.739759339,-37.03596967,23.61063144,-5839
9.756698051,-37.01928871,23.60768774,-5860
9.773636763,-37.00260774,23.60474404,-5819
9.790575475,-36.98592678,23.60180034,-5768
9.807514187,-36.96924581,23.59885664,-5706
9.824452899,-36.95256485,23.59591294,-5636
9.84139161,-36.93588388,23.59296924,-5572
9.858330322,-36.91920292,23.59002554,-5516
9.875269034,-36.90252195,23.58708184,-5565
9.892207746,-36.88584099,23.58413814,-5642
9.909146458,-36.86916002,23.58119444,-5731
9.92608517,-36.85247906,23.57825074,-5804
9.943023882,-36.83579809,23.57530704,-5866
9.959962594,-36.81911713,23.57236334,-6012
9.976901306,-36.80243616,23.56941964,-5981
9.993840017,-36.7857552,23.56647594,-5930
10.01077873,-36.76907423,23.56353224,-5908
10.02771744,-36.75239327,23.56058854,-5904
10.04465615,-36.7357123,23.55764484,-5945
10.06159487,-36.71903134,23.55470114,-5906
10.07853358,-36.70235038,23.55175744,-5855
10.09547229,-36.68566941,23.54881375,-5788
10.112411,-36.66898845,23.54587005,-5720
10.12934971,-36.65230748,23.54292635,-5651
10.14628842,-36.63562652,23.53998265,-5503
10.16322714,-36.61894555,23.53703895,-5443
10.18016585,-36.60226459,23.53409525,-5422
10.19710456,-36.58558362,23.53115155,-5437
10.21404327,-36.56890266,23.52820785,-5485
10.23098198,-36.55222169,23.52526415,-5551
10.2479207,-36.53554073,23.52232045,-5633
10.26485941,-36.51885976,23.51937675,-5756
10.28179812,-36.5021788,23.51643305,-5868
10.29873683,-36.48549783,23.51348935,-5954
10.31567554,-36.46881687,23.51054565,-5919
10.33261426,-36.4521359,23.50760195,-5914
10.34955297,-36.43545494,23.50465825,-5837
10.36649168,-36.41877397,23.50171455,-5749
10.38343039,-36.40209301,23.49877085,-5667
10.4003691,-36.38541204,23.49582715,-5600
10.41730781,-36.36873108,23.49288345,-5559
10.43424653,-36.35205011,23.48993975,-5525
10.45118524,-36.33536915,23.48699605,-5567
10.46812395,-36.31868818,23.48405235,-5648
10.48506266,-36.30200722,23.48110865,-5729
10.50200137,-36.28532625,23.47816495,-5773
10.51894009,-36.26864529,23.47522125,-5771
10.5358788,-36.25196432,23.47227755,-5761
10.55281751,-36.23528336,23.46933385,-5738
10.56975622,-36.21860239,23.46639015,-5757
10.58669493,-36.20192143,23.46344645,-5795
10.60363365,-36.18524046,23.46050275,-5841
10.62057236,-36.1685595,23.45755905,-5909
10.63751107,-36.15187853,23.45461535,-5924
10.65444978,-36.13519757,23.45167166,-5880
10.67138849,-36.1185166,23.44872796,-5793
10.68832721,-36.10183564,23.44578426,-5734
10.70526592,-36.08515467,23.44284056,-5649
10.72220463,-36.06847371,23.43989686,-5523
10.73914334,-36.05179274,23.43695316,-5422
10.75608205,-36.03511178,23.43400946,-5451
10.77302076,-36.01843081,23.43106576,-5519
10.78995948,-36.00174985,23.42812206,-5540
10.80689819,-35.98506888,23.42517836,-5560
10.8238369,-35.96838792,23.42223466,-5623
10.84077561,-35.95170695,23.41929096,-5758
10.85771432,-35.93502599,23.41634726,-5856
10.87465304,-35.91834502,23.41340356,-5969
10.89159175,-35.90166406,23.41045986,-6023
10.90853046,-35.88498309,23.40751616,-6078
10.92546917,-35.86830213,23.40457246,-6108
10.94240788,-35.85162116,23.40162876,-6066
10.9593466,-35.8349402,23.39868506,-5941
10.97628531,-35.81825923,23.39574136,-5768
10.99322402,-35.80157827,23.39279766,-5601
11.01016273,-35.7848973,23.38985396,-5571
11.02710144,-35.76821634,23.38691026,-5641
11.04404015,-35.75153537,23.38396656,-5793
11.06097887,-35.73485441,23.38102286,-5968
11.07791758,-35.71817344,23.37807916,-6139
11.09485629,-35.70149248,23.37513546,-6284
11.111795,-35.68481151,23.37219176,-6343
11.12873371,-35.66813055,23.36924806,-6366
11.14567243,-35.65144958,23.36630436,-6312
11.16261114,-35.63476862,23.36336066,-6196
11.17954985,-35.61808765,23.36041696,-6050
11.19648856,-35.60140669,23.35747326,-5952
11.21342727,-35.58472572,23.35452956,-5866
11.23036599,-35.56804476,23.35158587,-5850
11.2473047,-35.55136379,23.34864217,-5858
11.26424341,-35.53468283,23.34569847,-5867
11.28118212,-35.51800186,23.34275477,-5845
11.29812083,-35.5013209,23.33981107,-6093
11.31505955,-35.48463993,23.33686737,-6061
11.33199826,-35.46795897,23.33392367,-6039
11.34893697,-35.451278,23.33097997,-6011
11.36587568,-35.43459704,23.32803627,-5960
11.38281439,-35.41791607,23.32509257,-5887
11.3997531,-35.40123511,23.32214887,-5875
11.41669182,-35.38455414,23.31920517,-5754
11.43363053,-35.36787318,23.31626147,-5713
11.45056924,-35.35119221,23.31331777,-5722
11.46750795,-35.33451125,23.31037407,-5800
11.48444666,-35.31783028,23.30743037,-5952
11.50138538,-35.30114932,23.30448667,-6069
11.51832409,-35.28446835,23.30154297,-6164
11.5352628,-35.26778739,23.29859927,-6212
11.55220151,-35.25110642,23.29565557,-6244
11.56914022,-35.23442546,23.29271187,-6283
11.58607894,-35.21774449,23.28976817,-6263
11.60301765,-35.20106353,23.28682447,-6111
11.61995636,-35.18438256,23.28388077,-5899
11.63689507,-35.1677016,23.28093707,-5796
11.65383378,-35.15102063,23.27799337,-5732
11.67077249,-35.13433967,23.27504967,-5807
11.68771121,-35.1176587,23.27210597,-5836
11.70464992,-35.10097774,23.26916227,-5867
11.72158863,-35.08429677,23.26621857,-5858
11.73852734,-35.06761581,23.26327487,-5797
11.75546605,-35.05093484,23.26033117,-5664
11.77240477,-35.03425388,23.25738747,-5231
11.78934348,-35.01757291,23.25444378,-5008
11.80628219,-35.00089195,23.25150008,-4889
11.8232209,-34.98421098,23.24855638,-4867
11.84015961,-34.96753002,23.24561268,-5037
11.85709833,-34.95084905,23.24266898,-5218
11.87403704,-34.93416809,23.23972528,-5078
11.89097575,-34.91748712,23.23678158,-5181
11.90791446,-34.90080616,23.23383788,-5358
11.92485317,-34.88412519,23.23089418,-5582
11.94179189,-34.86744423,23.22795048,-5826
11.9587306,-34.85076326,23.22500678,-6027
11.97566931,-34.8340823,23.22206308,-6048
11.99260802,-34.81740133,23.21911938,-6084
12.00954673,-34.80072037,23.21617568,-6125
12.02648544,-34.7840394,23.21323198,-6153
12.04342416,-34.76735844,23.21028828,-6112
12.06036287,-34.75067747,23.20734458,-5804
12.07730158,-34.73399651,23.20440088,-5565
12.09424029,-34.71731554,23.20145718,-5368
12.111179,-34.70063458,23.19851348,-5339
12.12811772,-34.68395361,23.19556978,-5400
12.14505643,-34.66727265,23.19262608,-5444
12.16199514,-34.65059168,23.18968238,-5105
12.17893385,-34.63391072,23.18673868,-5131
12.19587256,-34.61722975,23.18379498,-5154
12.21281128,-34.60054879,23.18085128,-5181
12.22974999,-34.58386782,23.17790758,-5262
12.2466887,-34.56718686,23.17496388,-5343
12.26362741,-34.55050589,23.17202018,-5363
12.28056612,-34.53382493,23.16907648,-5353
12.29750484,-34.51714396,23.16613278,-5325
12.31444355,-34.500463,23.16318908,-5290
12.33138226,-34.48378203,23.16024538,-5287
12.34832097,-34.46710107,23.15730168,-5049
12.36525968,-34.4504201,23.15435799,-5158
12.38219839,-34.43373914,23.15141429,-5328
12.39913711,-34.41705817,23.14847059,-5546
12.41607582,-34.40037721,23.14552689,-5631
12.43301453,-34.38369624,23.14258319,-5667
12.44995324,-34.36701528,23.13963949,-5330
12.46689195,-34.35033431,23.13669579,-5176
12.48383067,-34.33365335,23.13375209,-5045
12.50076938,-34.31697238,23.13080839,-4960
12.51770809,-34.30029142,23.12786469,-4937
12.5346468,-34.28361045,23.12492099,-4777
12.55158551,-34.26692949,23.12197729,-4681
12.56852423,-34.25024852,23.11903359,-4575
12.58546294,-34.23356756,23.11608989,-4580
12.60240165,-34.21688659,23.11314619,-4661
12.61934036,-34.20020563,23.11020249,-4818
12.63627907,-34.18352466,23.10725879,-4862
12.65321778,-34.1668437,23.10431509,-4950
12.6701565,-34.15016273,23.10137139,-4998
12.68709521,-34.13348177,23.09842769,-5015
12.70403392,-34.1168008,23.09548399,-5005
12.72097263,-34.10011984,23.09254029,-4994
12.73791134,-34.08343887,23.08959659,-4925
12.75485006,-34.06675791,23.08665289,-4936
12.77178877,-34.05007694,23.08370919,-4960
12.78872748,-34.03339598,23.08076549,-4977
12.80566619,-34.01671501,23.07782179,-5032
12.8226049,-34.00003405,23.07487809,-4624
12.83954362,-33.98335308,23.07193439,-4709
12.85648233,-33.96667212,23.06899069,-4814
12.87342104,-33.94999115,23.06604699,-4908
12.89035975,-33.93331019,23.06310329,-4995
12.90729846,-33.91662922,23.06015959,-5061
12.92423718,-33.89994826,23.05721589,-5022
12.94117589,-33.88326729,23.0542722,-5041
12.9581146,-33.86658633,23.0513285,-5033
12.97505331,-33.84990536,23.0483848,-4993
12.99199202,-33.8332244,23.0454411,-4936
13.00893073,-33.81654343,23.0424974,-4891
13.02586945,-33.79986247,23.0395537,-4700
13.04280816,-33.7831815,23.03661,-4753
13.05974687,-33.76650054,23.0336663,-4829
13.07668558,-33.74981957,23.0307226,-4877
13.09362429,-33.73313861,23.0277789,-4886
13.11056301,-33.71645764,23.0248352,-4853
13.12750172,-33.69977668,23.0218915,-4809
13.14444043,-33.68309571,23.0189478,-4778
13.16137914,-33.66641475,23.0160041,-4845
13.17831785,-33.64973378,23.0130604,-4924
13.19525657,-33.63305282,23.0101167,-4962
13.21219528,-33.61637185,23.007173,-4982
13.22913399,-33.59969089,23.0042293,-5057
13.2460727,-33.58300992,23.0012856,-5078
13.26301141,-33.56632896,22.9983419,-5001
13.27995012,-33.54964799,22.9953982,-4910
13.29688884,-33.53296703,22.9924545,-4929
13.31382755,-33.51628606,22.9895108,-5037
13.33076626,-33.4996051,22.9865671,-5058
13.34770497,-33.48292413,22.9836234,-5010
13.36464368,-33.46624317,22.9806797,-4965
13.3815824,-33.4495622,22.977736,-4921
13.39852111,-33.43288124,22.9747923,-4887
13.41545982,-33.41620027,22.9718486,-4853
13.43239853,-33.39951931,22.9689049,-4856
13.44933724,-33.38283834,22.9659612,-4913
13.46627596,-33.36615738,22.9630175,-5035
13.48321467,-33.34947641,22.9600738,-5169
13.50015338,-33.33279545,22.95713011,-5248
13.51709209,-33.31611448,22.95418641,-5309
13.5340308,-33.29943352,22.95124271,-5374
13.55096952,-33.28275255,22.94829901,-5425
13.56790823,-33.26607159,22.94535531,-5491
13.58484694,-33.24939062,22.94241161,-5527
13.60178565,-33.23270966,22.93946791,-5602
13.61872436,-33.21602869,22.93652421,-5529
13.63566307,-33.19934773,22.93358051,-5482
13.65260179,-33.18266676,22.93063681,-5466
13.6695405,-33.1659858,22.92769311,-5480
13.68647921,-33.14930483,22.92474941,-5463
13.70341792,-33.13262387,22.92180571,-5677
13.72035663,-33.1159429,22.91886201,-5817
13.73729535,-33.09926194,22.91591831,-5764
13.75423406,-33.08258097,22.91297461,-5596
13.77117277,-33.06590001,22.91003091,-5504
13.78811148,-33.04921904,22.90708721,-5500
13.80505019,-33.03253808,22.90414351,-5490
13.82198891,-33.01585711,22.90119981,-5529
13.83892762,-32.99917615,22.89825611,-5628
13.85586633,-32.98249518,22.89531241,-5656
13.87280504,-32.96581422,22.89236871,-5529
13.88974375,-32.94913325,22.88942501,-5539
13.90668247,-32.93245229,22.88648131,-5590
13.92362118,-32.91577132,22.88353761,-5735
13.94055989,-32.89909036,22.88059391,-5963
13.9574986,-32.88240939,22.87765021,-6082
13.97443731,-32.86572843,22.87470651,-5825
13.99137602,-32.84904746,22.87176281,-5533
14.00831474,-32.8323665,22.86881911,-5342
14.02525345,-32.81568553,22.86587541,-5266
14.04219216,-32.79900457,22.86293171,-5316
14.05913087,-32.7823236,22.85998801,-5406
14.07606958,-32.76564264,22.85704432,-5612
14.0930083,-32.74896167,22.85410062,-5567
14.10994701,-32.73228071,22.85115692,-5417
14.12688572,-32.71559974,22.84821322,-5260
14.14382443,-32.69891878,22.84526952,-5192
14.16076314,-32.68223781,22.84232582,-5174
14.17770186,-32.66555685,22.83938212,-5272
14.19464057,-32.64887588,22.83643842,-5253
14.21157928,-32.63219492,22.83349472,-5198
14.22851799,-32.61551395,22.83055102,-5163
14.2454567,-32.59883299,22.82760732,-5223
14.26239541,-32.58215202,22.82466362,-5448
14.27933413,-32.56547106,22.82171992,-5623
14.29627284,-32.54879009,22.81877622,-5796
14.31321155,-32.53210913,22.81583252,-5826
14.33015026,-32.51542816,22.81288882,-5783
14.34708897,-32.4987472,22.80994512,-5698
14.36402769,-32.48206623,22.80700142,-5610
14.3809664,-32.46538527,22.80405772,-5429
14.39790511,-32.4487043,22.80111402,-5347
14.41484382,-32.43202334,22.79817032,-5471
14.43178253,-32.41534237,22.79522662,-5648
14.44872125,-32.39866141,22.79228292,-5733
14.46565996,-32.38198044,22.78933922,-5884
14.48259867,-32.36529948,22.78639552,-5766
14.49953738,-32.34861852,22.78345182,-5633
14.51647609,-32.33193755,22.78050812,-5548
14.53341481,-32.31525659,22.77756442,-5470
14.55035352,-32.29857562,22.77462072,-5375
14.56729223,-32.28189466,22.77167702,-5200
14.58423094,-32.26521369,22.76873332,-5085
14.60116965,-32.24853273,22.76578962,-5027
14.61810836,-32.23185176,22.76284592,-5017
14.63504708,-32.2151708,22.75990223,-5033
14.65198579,-32.19848983,22.75695853,-5067
14.6689245,-32.18180887,22.75401483,-5089
14.68586321,-32.1651279,22.75107113,-5100
14.70280192,-32.14844694,22.74812743,-5109
14.71974064,-32.13176597,22.74518373,-5080
14.73667935,-32.11508501,22.74224003,-5063
14.75361806,-32.09840404,22.73929633,-4986
14.77055677,-32.08172308,22.73635263,-5003
14.78749548,-32.06504211,22.73340893,-5018
14.8044342,-32.04836115,22.73046523,-5038
14.82137291,-32.03168018,22.72752153,-5070
14.83831162,-32.01499922,22.72457783,-4959
14.85525033,-31.99831825,22.72163413,-4968
14.87218904,-31.98163729,22.71869043,-4996
14.88912775,-31.96495632,22.71574673,-5206
14.90606647,-31.94827536,22.71280303,-5403
14.92300518,-31.93159439,22.70985933,-5406
14.93994389,-31.91491343,22.70691563,-5227
14.9568826,-31.89823246,22.70397193,-5291
14.97382131,-31.8815515,22.70102823,-5365
14.99076003,-31.86487053,22.69808453,-5404
15.00769874,-31.84818957,22.69514083,-5423
15.02463745,-31.8315086,22.69219713,-5438
15.04157616,-31.81482764,22.68925343,-5388
15.05851487,-31.79814667,22.68630973,-5370
15.07545359,-31.78146571,22.68336603,-5336
15.0923923,-31.76478474,22.68042233,-5301
15.10933101,-31.74810378,22.67747863,-5298
15.12626972,-31.73142281,22.67453493,-5193
15.14320843,-31.71474185,22.67159123,-5265
15.16014715,-31.69806088,22.66864753,-5335
15.17708586,-31.68137992,22.66570383,-5378
15.19402457,-31.66469895,22.66276013,-5381
15.21096328,-31.64801799,22.65981644,-5354
15.22790199,-31.63133702,22.65687274,-5249
15.2448407,-31.61465606,22.65392904,-5187
15.26177942,-31.59797509,22.65098534,-5218
15.27871813,-31.58129413,22.64804164,-5256
15.29565684,-31.56461316,22.64509794,-5267
15.31259555,-31.5479322,22.64215424,-5251
15.32953426,-31.53125123,22.63921054,-5203
15.34647298,-31.51457027,22.63626684,-5214
15.36341169,-31.4978893,22.63332314,-5245
15.3803504,-31.48120834,22.63037944,-5265
15.39728911,-31.46452737,22.62743574,-5254
15.41422782,-31.44784641,22.62449204,-5307
15.43116654,-31.43116544,22.62154834,-5277
15.44810525,-31.41448448,22.61860464,-5251
15.46504396,-31.39780351,22.61566094,-5264
15.48198267,-31.38112255,22.61271724,-5233
15.49892138,-31.36444158,22.60977354,-5052
15.51586009,-31.34776062,22.60682984,-4859
15.53279881,-31.33107965,22.60388614,-4793
15.54973752,-31.31439869,22.60094244,-4787
15.56667623,-31.29771772,22.59799874,-4827
15.58361494,-31.28103676,22.59505504,-4893
15.60055365,-31.26435579,22.59211134,-4986
15.61749237,-31.24767483,22.58916764,-5179
15.63443108,-31.23099386,22.58622394,-5199
15.65136979,-31.2143129,22.58328024,-5214
15.6683085,-31.19763193,22.58033654,-5230
15.68524721,-31.18095097,22.57739284,-5214
15.70218593,-31.16427,22.57444914,-5044
15.71912464,-31.14758904,22.57150544,-4953
15.73606335,-31.13090807,22.56856174,-4958
15.75300206,-31.11422711,22.56561804,-5048
15.76994077,-31.09754614,22.56267434,-5197
15.78687949,-31.08086518,22.55973065,-5340
15.8038182,-31.06418421,22.55678695,-5330
15.82075691,-31.04750325,22.55384325,-5344
15.83769562,-31.03082228,22.55089955,-5364
15.85463433,-31.01414132,22.54795585,-5382
15.87157304,-30.99746035,22.54501215,-5434
15.88851176,-30.98077939,22.54206845,-5487
15.90545047,-30.96409842,22.53912475,-5368
15.92238918,-30.94741746,22.53618105,-5370
15.93932789,-30.93073649,22.53323735,-5334
15.9562666,-30.91405553,22.53029365,-5287
15.97320532,-30.89737456,22.52734995,-5259
15.99014403,-30.8806936,22.52440625,-5028
16.00708274,-30.86401263,22.52146255,-5113
16.02402145,-30.84733167,22.51851885,-5232
16.04096016,-30.8306507,22.51557515,-5273
16.05789888,-30.81396974,22.51263145,-5337
16.07483759,-30.79728877,22.50968775,-5398
16.0917763,-30.78060781,22.50674405,-5497
16.10871501,-30.76392684,22.50380035,-5565
16.12565372,-30.74724588,22.50085665,-5599
16.14259244,-30.73056491,22.49791295,-5607
16.15953115,-30.71388395,22.49496925,-5599
16.17646986,-30.69720298,22.49202555,-5583
16.19340857,-30.68052202,22.48908185,-5549
16.21034728,-30.66384105,22.48613815,-5518
16.22728599,-30.64716009,22.48319445,-5493
16.24422471,-30.63047912,22.48025075,-5435
16.26116342,-30.61379816,22.47730705,-5381
16.27810213,-30.59711719,22.47436335,-5292
16.29504084,-30.58043623,22.47141965,-5248
16.31197955,-30.56375526,22.46847595,-5237
16.32891827,-30.5470743,22.46553225,-5246
16.34585698,-30.53039333,22.46258856,-5258
